{"v":"5.7.5","fr":29.9700012207031,"ip":0,"op":39.0000015885026,"w":300,"h":300,"nm":"click_finish_5","ddd":0,"assets":[{"id":"comp_0","layers":[{"ddd":0,"ind":1,"ty":0,"nm":"w_2/arrow_finish_3.ai Comp 2","cl":"ai","refId":"comp_1","sr":1,"ks":{"o":{"a":0,"k":100,"ix":11},"r":{"a":1,"k":[{"i":{"x":[0],"y":[1.006]},"o":{"x":[0.333],"y":[0]},"t":0,"s":[0]},{"t":16.0000006516934,"s":[-180]}],"ix":10},"p":{"a":1,"k":[{"i":{"x":0.667,"y":1},"o":{"x":1,"y":0},"t":0,"s":[107.5,149.5,0],"to":[0,0.167,0],"ti":[-13.333,-0.167,0]},{"i":{"x":0,"y":0.988},"o":{"x":1,"y":0},"t":16,"s":[107.5,150.5,0],"to":[13.333,0.167,0],"ti":[-13.333,0,0]},{"t":30.0000012219251,"s":[187.5,150.5,0]}],"ix":2,"l":2},"a":{"a":0,"k":[21.5,76.75,0],"ix":1,"l":2},"s":{"a":0,"k":[100,100,100],"ix":6,"l":2}},"ao":0,"w":42,"h":75,"ip":0,"op":300.00001221925,"st":0,"bm":0,"completed":true,"layers":[{"ddd":0,"ind":1,"ty":4,"nm":"w_2/arrow_finish_3 Outlines 2","sr":1,"ks":{"o":{"a":0,"k":100,"ix":11},"r":{"a":0,"k":0,"ix":10},"p":{"a":0,"k":[21,37.5,0],"ix":2,"l":2},"a":{"a":0,"k":[21,37.5,0],"ix":1,"l":2},"s":{"a":0,"k":[100,100,100],"ix":6,"l":2}},"ao":0,"shapes":[{"ty":"gr","it":[{"ind":0,"ty":"sh","ix":1,"ks":{"a":0,"k":{"i":[[-16.986,-20.771],[-13.649999999999999,-20.337],[18.986,12.983],[20.627,17.433],[14.477,20.747],[-18.986,-13.417],[-20.627,-17.863]],"o":[[-14.771,-20.771],[-12.799,-19.469],[20.654,14.691],[17.217,20.772],[12.798,19.042],[-20.654,-15.124],[-18.080000000000002,-20.358999999999998]],"v":[[-15.893,-20.771],[-12.799,-19.469],[18.986,12.983],[18.919,19.104],[12.798,19.042],[-18.986,-13.417],[-18.919,-19.537]],"c":true},"ix":2},"nm":"Path 1","mn":"ADBE Vector Shape - Group","hd":false,"_render":true},{"ty":"fl","c":{"a":0,"k":[0.18,0.4587,0.62,1],"ix":4},"o":{"a":0,"k":100,"ix":5},"r":1,"bm":0,"nm":"Fill 1","mn":"ADBE Vector Graphic - Fill","hd":false,"_render":true},{"ty":"tr","p":{"a":0,"k":[20.905,53.24],"ix":2},"a":{"a":0,"k":[0,0],"ix":1},"s":{"a":0,"k":[100,100],"ix":3},"r":{"a":0,"k":0,"ix":6},"o":{"a":0,"k":100,"ix":7},"sk":{"a":0,"k":0,"ix":4},"sa":{"a":0,"k":0,"ix":5},"nm":"Transform","_render":true}],"nm":"Group 1","np":2,"cix":2,"bm":0,"ix":1,"mn":"ADBE Vector Group","hd":false,"_render":true},{"ty":"gr","it":[{"ind":0,"ty":"sh","ix":1,"ks":{"a":0,"k":{"i":[[14.777000000000001,-20.649],[18.09,-20.232],[20.654,-14.985],[-12.809,18.935],[-17.238999999999997,20.649],[-20.655,14.562],[12.81,-19.358]],"o":[[16.992,-20.649],[20.631999999999998,-17.724],[18.975,-13.283],[-14.5,20.648999999999997],[-20.631,17.301000000000002],[-18.975,12.86],[13.662,-20.221]],"v":[[15.893,-20.649],[18.93,-19.403],[18.975,-13.283],[-12.809,18.935],[-18.929,18.981],[-18.975,12.86],[12.81,-19.358]],"c":true},"ix":2},"nm":"Path 1","mn":"ADBE Vector Shape - Group","hd":false,"_render":true},{"ty":"fl","c":{"a":0,"k":[0.18,0.4587,0.62,1],"ix":4},"o":{"a":0,"k":100,"ix":5},"r":1,"bm":0,"nm":"Fill 1","mn":"ADBE Vector Graphic - Fill","hd":false,"_render":true},{"ty":"tr","p":{"a":0,"k":[20.904,20.899],"ix":2},"a":{"a":0,"k":[0,0],"ix":1},"s":{"a":0,"k":[100,100],"ix":3},"r":{"a":0,"k":0,"ix":6},"o":{"a":0,"k":100,"ix":7},"sk":{"a":0,"k":0,"ix":4},"sa":{"a":0,"k":0,"ix":5},"nm":"Transform","_render":true}],"nm":"Group 2","np":2,"cix":2,"bm":0,"ix":2,"mn":"ADBE Vector Group","hd":false,"_render":true}],"ip":0,"op":300.00001221925,"st":0,"bm":0,"completed":true}]},{"ddd":0,"ind":2,"ty":0,"nm":"w_2/arrow_finish_3.ai Comp 2","cl":"ai","td":1,"refId":"comp_1","sr":1,"ks":{"o":{"a":0,"k":100,"ix":11},"r":{"a":1,"k":[{"i":{"x":[0],"y":[1.006]},"o":{"x":[0.333],"y":[0]},"t":0,"s":[0]},{"t":16.0000006516934,"s":[-180]}],"ix":10},"p":{"a":1,"k":[{"i":{"x":0.667,"y":1},"o":{"x":1,"y":0},"t":0,"s":[107.5,149.5,0],"to":[0,0.167,0],"ti":[-13.333,-0.167,0]},{"i":{"x":0,"y":0.988},"o":{"x":1,"y":0},"t":16,"s":[107.5,150.5,0],"to":[13.333,0.167,0],"ti":[-13.333,0,0]},{"t":30.0000012219251,"s":[187.5,150.5,0]}],"ix":2,"l":2},"a":{"a":0,"k":[21.5,76.75,0],"ix":1,"l":2},"s":{"a":0,"k":[100,100,100],"ix":6,"l":2}},"ao":0,"w":42,"h":75,"ip":0,"op":300.00001221925,"st":0,"bm":0,"completed":true,"layers":[{"ddd":0,"ind":1,"ty":4,"nm":"w_2/arrow_finish_3 Outlines 2","sr":1,"ks":{"o":{"a":0,"k":100,"ix":11},"r":{"a":0,"k":0,"ix":10},"p":{"a":0,"k":[21,37.5,0],"ix":2,"l":2},"a":{"a":0,"k":[21,37.5,0],"ix":1,"l":2},"s":{"a":0,"k":[100,100,100],"ix":6,"l":2}},"ao":0,"shapes":[{"ty":"gr","it":[{"ind":0,"ty":"sh","ix":1,"ks":{"a":0,"k":{"i":[[-16.986,-20.771],[-13.649999999999999,-20.337],[18.986,12.983],[20.627,17.433],[14.477,20.747],[-18.986,-13.417],[-20.627,-17.863]],"o":[[-14.771,-20.771],[-12.799,-19.469],[20.654,14.691],[17.217,20.772],[12.798,19.042],[-20.654,-15.124],[-18.080000000000002,-20.358999999999998]],"v":[[-15.893,-20.771],[-12.799,-19.469],[18.986,12.983],[18.919,19.104],[12.798,19.042],[-18.986,-13.417],[-18.919,-19.537]],"c":true},"ix":2},"nm":"Path 1","mn":"ADBE Vector Shape - Group","hd":false,"_render":true},{"ty":"fl","c":{"a":0,"k":[0.18,0.4587,0.62,1],"ix":4},"o":{"a":0,"k":100,"ix":5},"r":1,"bm":0,"nm":"Fill 1","mn":"ADBE Vector Graphic - Fill","hd":false,"_render":true},{"ty":"tr","p":{"a":0,"k":[20.905,53.24],"ix":2},"a":{"a":0,"k":[0,0],"ix":1},"s":{"a":0,"k":[100,100],"ix":3},"r":{"a":0,"k":0,"ix":6},"o":{"a":0,"k":100,"ix":7},"sk":{"a":0,"k":0,"ix":4},"sa":{"a":0,"k":0,"ix":5},"nm":"Transform","_render":true}],"nm":"Group 1","np":2,"cix":2,"bm":0,"ix":1,"mn":"ADBE Vector Group","hd":false,"_render":true},{"ty":"gr","it":[{"ind":0,"ty":"sh","ix":1,"ks":{"a":0,"k":{"i":[[14.777000000000001,-20.649],[18.09,-20.232],[20.654,-14.985],[-12.809,18.935],[-17.238999999999997,20.649],[-20.655,14.562],[12.81,-19.358]],"o":[[16.992,-20.649],[20.631999999999998,-17.724],[18.975,-13.283],[-14.5,20.648999999999997],[-20.631,17.301000000000002],[-18.975,12.86],[13.662,-20.221]],"v":[[15.893,-20.649],[18.93,-19.403],[18.975,-13.283],[-12.809,18.935],[-18.929,18.981],[-18.975,12.86],[12.81,-19.358]],"c":true},"ix":2},"nm":"Path 1","mn":"ADBE Vector Shape - Group","hd":false,"_render":true},{"ty":"fl","c":{"a":0,"k":[0.18,0.4587,0.62,1],"ix":4},"o":{"a":0,"k":100,"ix":5},"r":1,"bm":0,"nm":"Fill 1","mn":"ADBE Vector Graphic - Fill","hd":false,"_render":true},{"ty":"tr","p":{"a":0,"k":[20.904,20.899],"ix":2},"a":{"a":0,"k":[0,0],"ix":1},"s":{"a":0,"k":[100,100],"ix":3},"r":{"a":0,"k":0,"ix":6},"o":{"a":0,"k":100,"ix":7},"sk":{"a":0,"k":0,"ix":4},"sa":{"a":0,"k":0,"ix":5},"nm":"Transform","_render":true}],"nm":"Group 2","np":2,"cix":2,"bm":0,"ix":2,"mn":"ADBE Vector Group","hd":false,"_render":true}],"ip":0,"op":300.00001221925,"st":0,"bm":0,"completed":true}]},{"ddd":0,"ind":3,"ty":4,"nm":"Shape Layer 1","parent":2,"tt":1,"sr":1,"ks":{"o":{"a":0,"k":100,"ix":11},"r":{"a":0,"k":0,"ix":10},"p":{"a":1,"k":[{"i":{"x":0.833,"y":0.833},"o":{"x":0.167,"y":0.167},"t":0,"s":[56.75,76.25,0],"to":[-0.167,0,0],"ti":[0.5,7.667,0]},{"i":{"x":0.833,"y":0.833},"o":{"x":0.167,"y":0.167},"t":17,"s":[55.75,76.25,0],"to":[-0.5,-7.667,0],"ti":[0.333,8.333,0]},{"i":{"x":0.833,"y":0.833},"o":{"x":0.167,"y":0.167},"t":22,"s":[53.75,30.25,0],"to":[-0.333,-8.333,0],"ti":[0,0.667,0]},{"t":23.0000009368092,"s":[53.75,26.25,0]}],"ix":2,"l":2},"a":{"a":0,"k":[0,0,0],"ix":1,"l":2},"s":{"a":1,"k":[{"i":{"x":[0.833,0.833,0.833],"y":[0.833,0.833,0.833]},"o":{"x":[0.167,0.167,0.167],"y":[0.167,0.167,0.167]},"t":0,"s":[100,100,100]},{"i":{"x":[0.833,0.833,0.833],"y":[0.833,0.833,0.833]},"o":{"x":[0.167,0.167,0.167],"y":[0.167,0.167,0.167]},"t":18,"s":[95.846,69.846,100]},{"i":{"x":[0.833,0.833,0.833],"y":[0.833,0.833,0.833]},"o":{"x":[0.167,0.167,0.167],"y":[0.167,0.167,0.167]},"t":22,"s":[95.385,80.767,100]},{"t":26.0000010590017,"s":[94,94,100]}],"ix":6,"l":2}},"ao":0,"shapes":[{"ty":"gr","it":[{"ty":"rc","d":1,"s":{"a":0,"k":[113.75,11.5],"ix":2},"p":{"a":0,"k":[0,0],"ix":3},"r":{"a":0,"k":0,"ix":4},"nm":"Rectangle Path 1","mn":"ADBE Vector Shape - Rect","hd":false,"_render":true},{"ty":"st","c":{"a":0,"k":[0.749,0.7843,0.8196,1],"ix":3},"o":{"a":0,"k":100,"ix":4},"w":{"a":0,"k":2,"ix":5},"lc":1,"lj":1,"ml":4,"bm":0,"nm":"Stroke 1","mn":"ADBE Vector Graphic - Stroke","hd":true,"_render":true},{"ty":"fl","c":{"a":0,"k":[0.18,0.4587,0.62,1],"ix":4},"o":{"a":0,"k":100,"ix":5},"r":1,"bm":0,"nm":"Fill 1","mn":"ADBE Vector Graphic - Fill","hd":false,"_render":true},{"ty":"tr","p":{"a":0,"k":[6.875,-40],"ix":2},"a":{"a":0,"k":[0,0],"ix":1},"s":{"a":0,"k":[92.827,1051.886],"ix":3},"r":{"a":0,"k":0,"ix":6},"o":{"a":0,"k":100,"ix":7},"sk":{"a":0,"k":0,"ix":4},"sa":{"a":0,"k":0,"ix":5},"nm":"Transform","_render":true}],"nm":"Rectangle 1","np":3,"cix":2,"bm":0,"ix":1,"mn":"ADBE Vector Group","hd":false,"_render":true}],"ip":0,"op":300.00001221925,"st":0,"bm":0,"completed":true},{"ddd":0,"ind":4,"ty":0,"nm":"Layer 11/arrow_finish_3.ai Comp 2","cl":"ai","tt":1,"refId":"comp_2","sr":1,"ks":{"o":{"a":0,"k":100,"ix":11},"r":{"a":0,"k":0,"ix":10},"p":{"a":0,"k":[150,150,0],"ix":2,"l":2},"a":{"a":0,"k":[91.5,39.5,0],"ix":1,"l":2},"s":{"a":0,"k":[100,115.19,100],"ix":6,"l":2}},"ao":0,"w":183,"h":79,"ip":0,"op":300.00001221925,"st":0,"bm":0,"completed":true,"layers":[{"ddd":0,"ind":1,"ty":4,"nm":"Layer 11/arrow_finish_3 Outlines","sr":1,"ks":{"o":{"a":0,"k":100,"ix":11},"r":{"a":0,"k":0,"ix":10},"p":{"a":0,"k":[91.5,39.5,0],"ix":2,"l":2},"a":{"a":0,"k":[91.5,39.5,0],"ix":1,"l":2},"s":{"a":0,"k":[100,100,100],"ix":6,"l":2}},"ao":0,"shapes":[{"ty":"gr","it":[{"ind":0,"ty":"sh","ix":1,"ks":{"a":0,"k":{"i":[[69.247,30.359],[27.247,30.359],[-27.247,30.359],[-51.883,30.359],[-52.479,30.359],[-82.838,16.767],[-69.246,-30.359],[-51.883,-30.359],[-27.247,-30.359],[27.247,-30.359],[52.48,-30.359],[82.837,-16.766]],"o":[[52.48,30.359],[27.247,30.359],[-27.247,30.359],[-51.883,30.359],[-69.246,30.359],[-82.838,-16.766],[-52.479,-30.359],[-51.883,-30.359],[-27.247,-30.359],[27.247,-30.359],[69.247,-30.359],[82.837,16.767]],"v":[[52.48,30.359],[27.247,30.359],[-27.247,30.359],[-51.883,30.359],[-52.479,30.359],[-82.838,0],[-52.479,-30.359],[-51.883,-30.359],[-27.247,-30.359],[27.247,-30.359],[52.48,-30.359],[82.837,0]],"c":true},"ix":2},"nm":"Path 1","mn":"ADBE Vector Shape - Group","hd":false,"_render":true},{"ind":1,"ty":"sh","ix":2,"ks":{"a":0,"k":{"i":[[75.564,-36.637],[55.153,-39.015],[-51.883,-39.015],[-51.914,-39.010999999999996],[-90.758,-21.485],[-73.39099999999999,38.91],[-51.899,39.015],[54.674,39.015],[55.607,38.92],[90.758,20.096]],"o":[[55.607,-38.919],[54.674,-39.015],[-51.899,-39.015],[-73.39099999999999,-38.909],[-90.758,21.485],[-51.914,39.010999999999996],[-51.883,39.015],[55.153,39.015],[75.564,36.637],[90.758,-20.096]],"v":[[56.038,-38.775],[54.674,-39.015],[-51.883,-39.015],[-51.93,-39.01],[-90.758,0],[-51.93,39.01],[-51.883,39.015],[54.674,39.015],[56.038,38.775],[90.758,0]],"c":true},"ix":2},"nm":"Path 2","mn":"ADBE Vector Shape - Group","hd":false,"_render":true},{"ty":"mm","mm":1,"nm":"Merge Paths 1","mn":"ADBE Vector Filter - Merge","hd":false,"_render":true},{"ty":"fl","c":{"a":0,"k":[0.18,0.4587,0.62,1],"ix":4},"o":{"a":0,"k":100,"ix":5},"r":1,"bm":0,"nm":"Fill 1","mn":"ADBE Vector Graphic - Fill","hd":false,"_render":true},{"ty":"tr","p":{"a":0,"k":[91.008,39.265],"ix":2},"a":{"a":0,"k":[0,0],"ix":1},"s":{"a":0,"k":[100,100],"ix":3},"r":{"a":0,"k":0,"ix":6},"o":{"a":0,"k":100,"ix":7},"sk":{"a":0,"k":0,"ix":4},"sa":{"a":0,"k":0,"ix":5},"nm":"Transform","_render":true}],"nm":"Group 1","np":4,"cix":2,"bm":0,"ix":1,"mn":"ADBE Vector Group","hd":false,"_render":true}],"ip":0,"op":300.00001221925,"st":0,"bm":0,"completed":true}]}]},{"id":"comp_1","layers":[{"ddd":0,"ind":1,"ty":4,"nm":"w_2/arrow_finish_3 Outlines 2","sr":1,"ks":{"o":{"a":0,"k":100,"ix":11},"r":{"a":0,"k":0,"ix":10},"p":{"a":0,"k":[21,37.5,0],"ix":2,"l":2},"a":{"a":0,"k":[21,37.5,0],"ix":1,"l":2},"s":{"a":0,"k":[100,100,100],"ix":6,"l":2}},"ao":0,"shapes":[{"ty":"gr","it":[{"ind":0,"ty":"sh","ix":1,"ks":{"a":0,"k":{"i":[[-16.986,-20.771],[-13.649999999999999,-20.337],[18.986,12.983],[20.627,17.433],[14.477,20.747],[-18.986,-13.417],[-20.627,-17.863]],"o":[[-14.771,-20.771],[-12.799,-19.469],[20.654,14.691],[17.217,20.772],[12.798,19.042],[-20.654,-15.124],[-18.080000000000002,-20.358999999999998]],"v":[[-15.893,-20.771],[-12.799,-19.469],[18.986,12.983],[18.919,19.104],[12.798,19.042],[-18.986,-13.417],[-18.919,-19.537]],"c":true},"ix":2},"nm":"Path 1","mn":"ADBE Vector Shape - Group","hd":false,"_render":true},{"ty":"fl","c":{"a":0,"k":[0.18,0.4587,0.62,1],"ix":4},"o":{"a":0,"k":100,"ix":5},"r":1,"bm":0,"nm":"Fill 1","mn":"ADBE Vector Graphic - Fill","hd":false,"_render":true},{"ty":"tr","p":{"a":0,"k":[20.905,53.24],"ix":2},"a":{"a":0,"k":[0,0],"ix":1},"s":{"a":0,"k":[100,100],"ix":3},"r":{"a":0,"k":0,"ix":6},"o":{"a":0,"k":100,"ix":7},"sk":{"a":0,"k":0,"ix":4},"sa":{"a":0,"k":0,"ix":5},"nm":"Transform","_render":true}],"nm":"Group 1","np":2,"cix":2,"bm":0,"ix":1,"mn":"ADBE Vector Group","hd":false,"_render":true},{"ty":"gr","it":[{"ind":0,"ty":"sh","ix":1,"ks":{"a":0,"k":{"i":[[14.777000000000001,-20.649],[18.09,-20.232],[20.654,-14.985],[-12.809,18.935],[-17.238999999999997,20.649],[-20.655,14.562],[12.81,-19.358]],"o":[[16.992,-20.649],[20.631999999999998,-17.724],[18.975,-13.283],[-14.5,20.648999999999997],[-20.631,17.301000000000002],[-18.975,12.86],[13.662,-20.221]],"v":[[15.893,-20.649],[18.93,-19.403],[18.975,-13.283],[-12.809,18.935],[-18.929,18.981],[-18.975,12.86],[12.81,-19.358]],"c":true},"ix":2},"nm":"Path 1","mn":"ADBE Vector Shape - Group","hd":false,"_render":true},{"ty":"fl","c":{"a":0,"k":[0.18,0.4587,0.62,1],"ix":4},"o":{"a":0,"k":100,"ix":5},"r":1,"bm":0,"nm":"Fill 1","mn":"ADBE Vector Graphic - Fill","hd":false,"_render":true},{"ty":"tr","p":{"a":0,"k":[20.904,20.899],"ix":2},"a":{"a":0,"k":[0,0],"ix":1},"s":{"a":0,"k":[100,100],"ix":3},"r":{"a":0,"k":0,"ix":6},"o":{"a":0,"k":100,"ix":7},"sk":{"a":0,"k":0,"ix":4},"sa":{"a":0,"k":0,"ix":5},"nm":"Transform","_render":true}],"nm":"Group 2","np":2,"cix":2,"bm":0,"ix":2,"mn":"ADBE Vector Group","hd":false,"_render":true}],"ip":0,"op":300.00001221925,"st":0,"bm":0,"completed":true}]},{"id":"comp_2","layers":[{"ddd":0,"ind":1,"ty":4,"nm":"Layer 11/arrow_finish_3 Outlines","sr":1,"ks":{"o":{"a":0,"k":100,"ix":11},"r":{"a":0,"k":0,"ix":10},"p":{"a":0,"k":[91.5,39.5,0],"ix":2,"l":2},"a":{"a":0,"k":[91.5,39.5,0],"ix":1,"l":2},"s":{"a":0,"k":[100,100,100],"ix":6,"l":2}},"ao":0,"shapes":[{"ty":"gr","it":[{"ind":0,"ty":"sh","ix":1,"ks":{"a":0,"k":{"i":[[69.247,30.359],[27.247,30.359],[-27.247,30.359],[-51.883,30.359],[-52.479,30.359],[-82.838,16.767],[-69.246,-30.359],[-51.883,-30.359],[-27.247,-30.359],[27.247,-30.359],[52.48,-30.359],[82.837,-16.766]],"o":[[52.48,30.359],[27.247,30.359],[-27.247,30.359],[-51.883,30.359],[-69.246,30.359],[-82.838,-16.766],[-52.479,-30.359],[-51.883,-30.359],[-27.247,-30.359],[27.247,-30.359],[69.247,-30.359],[82.837,16.767]],"v":[[52.48,30.359],[27.247,30.359],[-27.247,30.359],[-51.883,30.359],[-52.479,30.359],[-82.838,0],[-52.479,-30.359],[-51.883,-30.359],[-27.247,-30.359],[27.247,-30.359],[52.48,-30.359],[82.837,0]],"c":true},"ix":2},"nm":"Path 1","mn":"ADBE Vector Shape - Group","hd":false,"_render":true},{"ind":1,"ty":"sh","ix":2,"ks":{"a":0,"k":{"i":[[75.564,-36.637],[55.153,-39.015],[-51.883,-39.015],[-51.914,-39.010999999999996],[-90.758,-21.485],[-73.39099999999999,38.91],[-51.899,39.015],[54.674,39.015],[55.607,38.92],[90.758,20.096]],"o":[[55.607,-38.919],[54.674,-39.015],[-51.899,-39.015],[-73.39099999999999,-38.909],[-90.758,21.485],[-51.914,39.010999999999996],[-51.883,39.015],[55.153,39.015],[75.564,36.637],[90.758,-20.096]],"v":[[56.038,-38.775],[54.674,-39.015],[-51.883,-39.015],[-51.93,-39.01],[-90.758,0],[-51.93,39.01],[-51.883,39.015],[54.674,39.015],[56.038,38.775],[90.758,0]],"c":true},"ix":2},"nm":"Path 2","mn":"ADBE Vector Shape - Group","hd":false,"_render":true},{"ty":"mm","mm":1,"nm":"Merge Paths 1","mn":"ADBE Vector Filter - Merge","hd":false,"_render":true},{"ty":"fl","c":{"a":0,"k":[0.18,0.4587,0.62,1],"ix":4},"o":{"a":0,"k":100,"ix":5},"r":1,"bm":0,"nm":"Fill 1","mn":"ADBE Vector Graphic - Fill","hd":false,"_render":true},{"ty":"tr","p":{"a":0,"k":[91.008,39.265],"ix":2},"a":{"a":0,"k":[0,0],"ix":1},"s":{"a":0,"k":[100,100],"ix":3},"r":{"a":0,"k":0,"ix":6},"o":{"a":0,"k":100,"ix":7},"sk":{"a":0,"k":0,"ix":4},"sa":{"a":0,"k":0,"ix":5},"nm":"Transform","_render":true}],"nm":"Group 1","np":4,"cix":2,"bm":0,"ix":1,"mn":"ADBE Vector Group","hd":false,"_render":true}],"ip":0,"op":300.00001221925,"st":0,"bm":0,"completed":true}]},{"id":"comp_3","layers":[{"ddd":0,"ind":1,"ty":0,"nm":"w_2/arrow_finish_3.ai Comp 1","cl":"ai","refId":"comp_4","sr":1,"ks":{"o":{"a":0,"k":100,"ix":11},"r":{"a":1,"k":[{"i":{"x":[0],"y":[1.006]},"o":{"x":[0.333],"y":[0]},"t":0,"s":[0]},{"t":16.0000006516934,"s":[-180]}],"ix":10},"p":{"a":1,"k":[{"i":{"x":0,"y":0.988},"o":{"x":1,"y":0},"t":16,"s":[107.5,150.5,0],"to":null,"ti":null},{"t":30.0000012219251,"s":[187.5,150.5,0]}],"ix":2,"l":2},"a":{"a":0,"k":[21.5,76.5,0],"ix":1,"l":2},"s":{"a":0,"k":[100,100,100],"ix":6,"l":2}},"ao":0,"w":42,"h":75,"ip":0,"op":300.00001221925,"st":0,"bm":0,"completed":true,"layers":[{"ddd":0,"ind":1,"ty":4,"nm":"w_2/arrow_finish_3 Outlines 2","sr":1,"ks":{"o":{"a":0,"k":100,"ix":11},"r":{"a":0,"k":0,"ix":10},"p":{"a":0,"k":[21,37.5,0],"ix":2,"l":2},"a":{"a":0,"k":[21,37.5,0],"ix":1,"l":2},"s":{"a":0,"k":[100,100,100],"ix":6,"l":2}},"ao":0,"shapes":[{"ty":"gr","it":[{"ind":0,"ty":"sh","ix":1,"ks":{"a":0,"k":{"i":[[-16.986,-20.771],[-13.649999999999999,-20.337],[18.986,12.983],[20.627,17.433],[14.477,20.747],[-18.986,-13.417],[-20.627,-17.863]],"o":[[-14.771,-20.771],[-12.799,-19.469],[20.654,14.691],[17.217,20.772],[12.798,19.042],[-20.654,-15.124],[-18.080000000000002,-20.358999999999998]],"v":[[-15.893,-20.771],[-12.799,-19.469],[18.986,12.983],[18.919,19.104],[12.798,19.042],[-18.986,-13.417],[-18.919,-19.537]],"c":true},"ix":2},"nm":"Path 1","mn":"ADBE Vector Shape - Group","hd":false,"_render":true},{"ty":"fl","c":{"a":0,"k":[0.749,0.7843,0.8196,1],"ix":4},"o":{"a":0,"k":100,"ix":5},"r":1,"bm":0,"nm":"Fill 1","mn":"ADBE Vector Graphic - Fill","hd":false,"_render":true},{"ty":"tr","p":{"a":0,"k":[20.905,53.24],"ix":2},"a":{"a":0,"k":[0,0],"ix":1},"s":{"a":0,"k":[100,100],"ix":3},"r":{"a":0,"k":0,"ix":6},"o":{"a":0,"k":100,"ix":7},"sk":{"a":0,"k":0,"ix":4},"sa":{"a":0,"k":0,"ix":5},"nm":"Transform","_render":true}],"nm":"Group 1","np":2,"cix":2,"bm":0,"ix":1,"mn":"ADBE Vector Group","hd":false,"_render":true},{"ty":"gr","it":[{"ind":0,"ty":"sh","ix":1,"ks":{"a":0,"k":{"i":[[14.777000000000001,-20.649],[18.09,-20.232],[20.654,-14.985],[-12.809,18.935],[-17.238999999999997,20.649],[-20.655,14.562],[12.81,-19.358]],"o":[[16.992,-20.649],[20.631999999999998,-17.724],[18.975,-13.283],[-14.5,20.648999999999997],[-20.631,17.301000000000002],[-18.975,12.86],[13.662,-20.221]],"v":[[15.893,-20.649],[18.93,-19.403],[18.975,-13.283],[-12.809,18.935],[-18.929,18.981],[-18.975,12.86],[12.81,-19.358]],"c":true},"ix":2},"nm":"Path 1","mn":"ADBE Vector Shape - Group","hd":false,"_render":true},{"ty":"fl","c":{"a":0,"k":[0.749,0.7843,0.8196,1],"ix":4},"o":{"a":0,"k":100,"ix":5},"r":1,"bm":0,"nm":"Fill 1","mn":"ADBE Vector Graphic - Fill","hd":false,"_render":true},{"ty":"tr","p":{"a":0,"k":[20.904,20.899],"ix":2},"a":{"a":0,"k":[0,0],"ix":1},"s":{"a":0,"k":[100,100],"ix":3},"r":{"a":0,"k":0,"ix":6},"o":{"a":0,"k":100,"ix":7},"sk":{"a":0,"k":0,"ix":4},"sa":{"a":0,"k":0,"ix":5},"nm":"Transform","_render":true}],"nm":"Group 2","np":2,"cix":2,"bm":0,"ix":2,"mn":"ADBE Vector Group","hd":false,"_render":true}],"ip":0,"op":300.00001221925,"st":0,"bm":0,"completed":true}]},{"ddd":0,"ind":2,"ty":0,"nm":"w_2/arrow_finish_3.ai Comp 1","cl":"ai","td":1,"refId":"comp_4","sr":1,"ks":{"o":{"a":0,"k":100,"ix":11},"r":{"a":1,"k":[{"i":{"x":[0],"y":[1.006]},"o":{"x":[0.333],"y":[0]},"t":0,"s":[0]},{"t":16.0000006516934,"s":[-180]}],"ix":10},"p":{"a":1,"k":[{"i":{"x":0,"y":0.988},"o":{"x":1,"y":0},"t":16,"s":[107.5,150.5,0],"to":null,"ti":null},{"t":30.0000012219251,"s":[187.5,150.5,0]}],"ix":2,"l":2},"a":{"a":0,"k":[21.5,76.5,0],"ix":1,"l":2},"s":{"a":0,"k":[100,100,100],"ix":6,"l":2}},"ao":0,"w":42,"h":75,"ip":0,"op":300.00001221925,"st":0,"bm":0,"completed":true,"layers":[{"ddd":0,"ind":1,"ty":4,"nm":"w_2/arrow_finish_3 Outlines 2","sr":1,"ks":{"o":{"a":0,"k":100,"ix":11},"r":{"a":0,"k":0,"ix":10},"p":{"a":0,"k":[21,37.5,0],"ix":2,"l":2},"a":{"a":0,"k":[21,37.5,0],"ix":1,"l":2},"s":{"a":0,"k":[100,100,100],"ix":6,"l":2}},"ao":0,"shapes":[{"ty":"gr","it":[{"ind":0,"ty":"sh","ix":1,"ks":{"a":0,"k":{"i":[[-16.986,-20.771],[-13.649999999999999,-20.337],[18.986,12.983],[20.627,17.433],[14.477,20.747],[-18.986,-13.417],[-20.627,-17.863]],"o":[[-14.771,-20.771],[-12.799,-19.469],[20.654,14.691],[17.217,20.772],[12.798,19.042],[-20.654,-15.124],[-18.080000000000002,-20.358999999999998]],"v":[[-15.893,-20.771],[-12.799,-19.469],[18.986,12.983],[18.919,19.104],[12.798,19.042],[-18.986,-13.417],[-18.919,-19.537]],"c":true},"ix":2},"nm":"Path 1","mn":"ADBE Vector Shape - Group","hd":false,"_render":true},{"ty":"fl","c":{"a":0,"k":[0.749,0.7843,0.8196,1],"ix":4},"o":{"a":0,"k":100,"ix":5},"r":1,"bm":0,"nm":"Fill 1","mn":"ADBE Vector Graphic - Fill","hd":false,"_render":true},{"ty":"tr","p":{"a":0,"k":[20.905,53.24],"ix":2},"a":{"a":0,"k":[0,0],"ix":1},"s":{"a":0,"k":[100,100],"ix":3},"r":{"a":0,"k":0,"ix":6},"o":{"a":0,"k":100,"ix":7},"sk":{"a":0,"k":0,"ix":4},"sa":{"a":0,"k":0,"ix":5},"nm":"Transform","_render":true}],"nm":"Group 1","np":2,"cix":2,"bm":0,"ix":1,"mn":"ADBE Vector Group","hd":false,"_render":true},{"ty":"gr","it":[{"ind":0,"ty":"sh","ix":1,"ks":{"a":0,"k":{"i":[[14.777000000000001,-20.649],[18.09,-20.232],[20.654,-14.985],[-12.809,18.935],[-17.238999999999997,20.649],[-20.655,14.562],[12.81,-19.358]],"o":[[16.992,-20.649],[20.631999999999998,-17.724],[18.975,-13.283],[-14.5,20.648999999999997],[-20.631,17.301000000000002],[-18.975,12.86],[13.662,-20.221]],"v":[[15.893,-20.649],[18.93,-19.403],[18.975,-13.283],[-12.809,18.935],[-18.929,18.981],[-18.975,12.86],[12.81,-19.358]],"c":true},"ix":2},"nm":"Path 1","mn":"ADBE Vector Shape - Group","hd":false,"_render":true},{"ty":"fl","c":{"a":0,"k":[0.749,0.7843,0.8196,1],"ix":4},"o":{"a":0,"k":100,"ix":5},"r":1,"bm":0,"nm":"Fill 1","mn":"ADBE Vector Graphic - Fill","hd":false,"_render":true},{"ty":"tr","p":{"a":0,"k":[20.904,20.899],"ix":2},"a":{"a":0,"k":[0,0],"ix":1},"s":{"a":0,"k":[100,100],"ix":3},"r":{"a":0,"k":0,"ix":6},"o":{"a":0,"k":100,"ix":7},"sk":{"a":0,"k":0,"ix":4},"sa":{"a":0,"k":0,"ix":5},"nm":"Transform","_render":true}],"nm":"Group 2","np":2,"cix":2,"bm":0,"ix":2,"mn":"ADBE Vector Group","hd":false,"_render":true}],"ip":0,"op":300.00001221925,"st":0,"bm":0,"completed":true}]},{"ddd":0,"ind":3,"ty":4,"nm":"Shape Layer 1","parent":2,"tt":1,"sr":1,"ks":{"o":{"a":0,"k":100,"ix":11},"r":{"a":0,"k":0,"ix":10},"p":{"a":1,"k":[{"i":{"x":0.833,"y":0.833},"o":{"x":0.167,"y":0.167},"t":0,"s":[56.75,76,0],"to":[-0.167,0,0],"ti":[0.5,7.667,0]},{"i":{"x":0.833,"y":0.833},"o":{"x":0.167,"y":0.167},"t":17,"s":[55.75,76,0],"to":[-0.5,-7.667,0],"ti":[0.333,8.333,0]},{"i":{"x":0.833,"y":0.833},"o":{"x":0.167,"y":0.167},"t":22,"s":[53.75,30,0],"to":[-0.333,-8.333,0],"ti":[0,0.667,0]},{"t":23.0000009368092,"s":[53.75,26,0]}],"ix":2,"l":2},"a":{"a":0,"k":[0,0,0],"ix":1,"l":2},"s":{"a":1,"k":[{"i":{"x":[0.833,0.833,0.833],"y":[0.833,0.833,0.833]},"o":{"x":[0.167,0.167,0.167],"y":[0.167,0.167,0.167]},"t":0,"s":[100,100,100]},{"i":{"x":[0.833,0.833,0.833],"y":[0.833,0.833,0.833]},"o":{"x":[0.167,0.167,0.167],"y":[0.167,0.167,0.167]},"t":18,"s":[95.846,69.846,100]},{"i":{"x":[0.833,0.833,0.833],"y":[0.833,0.833,0.833]},"o":{"x":[0.167,0.167,0.167],"y":[0.167,0.167,0.167]},"t":22,"s":[95.385,80.767,100]},{"t":26.0000010590017,"s":[94,94,100]}],"ix":6,"l":2}},"ao":0,"shapes":[{"ty":"gr","it":[{"ty":"rc","d":1,"s":{"a":0,"k":[113.75,11.5],"ix":2},"p":{"a":0,"k":[0,0],"ix":3},"r":{"a":0,"k":0,"ix":4},"nm":"Rectangle Path 1","mn":"ADBE Vector Shape - Rect","hd":false,"_render":true},{"ty":"st","c":{"a":0,"k":[0.749,0.7843,0.8196,1],"ix":3},"o":{"a":0,"k":100,"ix":4},"w":{"a":0,"k":2,"ix":5},"lc":1,"lj":1,"ml":4,"bm":0,"nm":"Stroke 1","mn":"ADBE Vector Graphic - Stroke","hd":true,"_render":true},{"ty":"fl","c":{"a":0,"k":[0.749,0.7843,0.8196,1],"ix":4},"o":{"a":0,"k":100,"ix":5},"r":1,"bm":0,"nm":"Fill 1","mn":"ADBE Vector Graphic - Fill","hd":false,"_render":true},{"ty":"tr","p":{"a":0,"k":[6.875,-40],"ix":2},"a":{"a":0,"k":[0,0],"ix":1},"s":{"a":0,"k":[92.827,1051.886],"ix":3},"r":{"a":0,"k":0,"ix":6},"o":{"a":0,"k":100,"ix":7},"sk":{"a":0,"k":0,"ix":4},"sa":{"a":0,"k":0,"ix":5},"nm":"Transform","_render":true}],"nm":"Rectangle 1","np":3,"cix":2,"bm":0,"ix":1,"mn":"ADBE Vector Group","hd":false,"_render":true}],"ip":0,"op":300.00001221925,"st":0,"bm":0,"completed":true},{"ddd":0,"ind":4,"ty":0,"nm":"Layer 11/arrow_finish_3.ai Comp 1","cl":"ai","tt":1,"refId":"comp_5","sr":1,"ks":{"o":{"a":0,"k":100,"ix":11},"r":{"a":0,"k":0,"ix":10},"p":{"a":0,"k":[150,150,0],"ix":2,"l":2},"a":{"a":0,"k":[91.5,39.5,0],"ix":1,"l":2},"s":{"a":0,"k":[100,115.19,100],"ix":6,"l":2}},"ao":0,"w":183,"h":79,"ip":0,"op":300.00001221925,"st":0,"bm":0,"completed":true,"layers":[{"ddd":0,"ind":1,"ty":4,"nm":"Layer 11/arrow_finish_3 Outlines","sr":1,"ks":{"o":{"a":0,"k":100,"ix":11},"r":{"a":0,"k":0,"ix":10},"p":{"a":0,"k":[91.5,39.5,0],"ix":2,"l":2},"a":{"a":0,"k":[91.5,39.5,0],"ix":1,"l":2},"s":{"a":0,"k":[100,100,100],"ix":6,"l":2}},"ao":0,"shapes":[{"ty":"gr","it":[{"ind":0,"ty":"sh","ix":1,"ks":{"a":0,"k":{"i":[[69.247,30.359],[27.247,30.359],[-27.247,30.359],[-51.883,30.359],[-52.479,30.359],[-82.838,16.767],[-69.246,-30.359],[-51.883,-30.359],[-27.247,-30.359],[27.247,-30.359],[52.48,-30.359],[82.837,-16.766]],"o":[[52.48,30.359],[27.247,30.359],[-27.247,30.359],[-51.883,30.359],[-69.246,30.359],[-82.838,-16.766],[-52.479,-30.359],[-51.883,-30.359],[-27.247,-30.359],[27.247,-30.359],[69.247,-30.359],[82.837,16.767]],"v":[[52.48,30.359],[27.247,30.359],[-27.247,30.359],[-51.883,30.359],[-52.479,30.359],[-82.838,0],[-52.479,-30.359],[-51.883,-30.359],[-27.247,-30.359],[27.247,-30.359],[52.48,-30.359],[82.837,0]],"c":true},"ix":2},"nm":"Path 1","mn":"ADBE Vector Shape - Group","hd":false,"_render":true},{"ind":1,"ty":"sh","ix":2,"ks":{"a":0,"k":{"i":[[75.564,-36.637],[55.153,-39.015],[-51.883,-39.015],[-51.914,-39.010999999999996],[-90.758,-21.485],[-73.39099999999999,38.91],[-51.899,39.015],[54.674,39.015],[55.607,38.92],[90.758,20.096]],"o":[[55.607,-38.919],[54.674,-39.015],[-51.899,-39.015],[-73.39099999999999,-38.909],[-90.758,21.485],[-51.914,39.010999999999996],[-51.883,39.015],[55.153,39.015],[75.564,36.637],[90.758,-20.096]],"v":[[56.038,-38.775],[54.674,-39.015],[-51.883,-39.015],[-51.93,-39.01],[-90.758,0],[-51.93,39.01],[-51.883,39.015],[54.674,39.015],[56.038,38.775],[90.758,0]],"c":true},"ix":2},"nm":"Path 2","mn":"ADBE Vector Shape - Group","hd":false,"_render":true},{"ty":"mm","mm":1,"nm":"Merge Paths 1","mn":"ADBE Vector Filter - Merge","hd":false,"_render":true},{"ty":"fl","c":{"a":0,"k":[0.749,0.7843,0.8196,1],"ix":4},"o":{"a":0,"k":100,"ix":5},"r":1,"bm":0,"nm":"Fill 1","mn":"ADBE Vector Graphic - Fill","hd":false,"_render":true},{"ty":"tr","p":{"a":0,"k":[91.008,39.265],"ix":2},"a":{"a":0,"k":[0,0],"ix":1},"s":{"a":0,"k":[100,100],"ix":3},"r":{"a":0,"k":0,"ix":6},"o":{"a":0,"k":100,"ix":7},"sk":{"a":0,"k":0,"ix":4},"sa":{"a":0,"k":0,"ix":5},"nm":"Transform","_render":true}],"nm":"Group 1","np":4,"cix":2,"bm":0,"ix":1,"mn":"ADBE Vector Group","hd":false,"_render":true}],"ip":0,"op":300.00001221925,"st":0,"bm":0,"completed":true}]}]},{"id":"comp_4","layers":[{"ddd":0,"ind":1,"ty":4,"nm":"w_2/arrow_finish_3 Outlines 2","sr":1,"ks":{"o":{"a":0,"k":100,"ix":11},"r":{"a":0,"k":0,"ix":10},"p":{"a":0,"k":[21,37.5,0],"ix":2,"l":2},"a":{"a":0,"k":[21,37.5,0],"ix":1,"l":2},"s":{"a":0,"k":[100,100,100],"ix":6,"l":2}},"ao":0,"shapes":[{"ty":"gr","it":[{"ind":0,"ty":"sh","ix":1,"ks":{"a":0,"k":{"i":[[-16.986,-20.771],[-13.649999999999999,-20.337],[18.986,12.983],[20.627,17.433],[14.477,20.747],[-18.986,-13.417],[-20.627,-17.863]],"o":[[-14.771,-20.771],[-12.799,-19.469],[20.654,14.691],[17.217,20.772],[12.798,19.042],[-20.654,-15.124],[-18.080000000000002,-20.358999999999998]],"v":[[-15.893,-20.771],[-12.799,-19.469],[18.986,12.983],[18.919,19.104],[12.798,19.042],[-18.986,-13.417],[-18.919,-19.537]],"c":true},"ix":2},"nm":"Path 1","mn":"ADBE Vector Shape - Group","hd":false,"_render":true},{"ty":"fl","c":{"a":0,"k":[0.749,0.7843,0.8196,1],"ix":4},"o":{"a":0,"k":100,"ix":5},"r":1,"bm":0,"nm":"Fill 1","mn":"ADBE Vector Graphic - Fill","hd":false,"_render":true},{"ty":"tr","p":{"a":0,"k":[20.905,53.24],"ix":2},"a":{"a":0,"k":[0,0],"ix":1},"s":{"a":0,"k":[100,100],"ix":3},"r":{"a":0,"k":0,"ix":6},"o":{"a":0,"k":100,"ix":7},"sk":{"a":0,"k":0,"ix":4},"sa":{"a":0,"k":0,"ix":5},"nm":"Transform","_render":true}],"nm":"Group 1","np":2,"cix":2,"bm":0,"ix":1,"mn":"ADBE Vector Group","hd":false,"_render":true},{"ty":"gr","it":[{"ind":0,"ty":"sh","ix":1,"ks":{"a":0,"k":{"i":[[14.777000000000001,-20.649],[18.09,-20.232],[20.654,-14.985],[-12.809,18.935],[-17.238999999999997,20.649],[-20.655,14.562],[12.81,-19.358]],"o":[[16.992,-20.649],[20.631999999999998,-17.724],[18.975,-13.283],[-14.5,20.648999999999997],[-20.631,17.301000000000002],[-18.975,12.86],[13.662,-20.221]],"v":[[15.893,-20.649],[18.93,-19.403],[18.975,-13.283],[-12.809,18.935],[-18.929,18.981],[-18.975,12.86],[12.81,-19.358]],"c":true},"ix":2},"nm":"Path 1","mn":"ADBE Vector Shape - Group","hd":false,"_render":true},{"ty":"fl","c":{"a":0,"k":[0.749,0.7843,0.8196,1],"ix":4},"o":{"a":0,"k":100,"ix":5},"r":1,"bm":0,"nm":"Fill 1","mn":"ADBE Vector Graphic - Fill","hd":false,"_render":true},{"ty":"tr","p":{"a":0,"k":[20.904,20.899],"ix":2},"a":{"a":0,"k":[0,0],"ix":1},"s":{"a":0,"k":[100,100],"ix":3},"r":{"a":0,"k":0,"ix":6},"o":{"a":0,"k":100,"ix":7},"sk":{"a":0,"k":0,"ix":4},"sa":{"a":0,"k":0,"ix":5},"nm":"Transform","_render":true}],"nm":"Group 2","np":2,"cix":2,"bm":0,"ix":2,"mn":"ADBE Vector Group","hd":false,"_render":true}],"ip":0,"op":300.00001221925,"st":0,"bm":0,"completed":true}]},{"id":"comp_5","layers":[{"ddd":0,"ind":1,"ty":4,"nm":"Layer 11/arrow_finish_3 Outlines","sr":1,"ks":{"o":{"a":0,"k":100,"ix":11},"r":{"a":0,"k":0,"ix":10},"p":{"a":0,"k":[91.5,39.5,0],"ix":2,"l":2},"a":{"a":0,"k":[91.5,39.5,0],"ix":1,"l":2},"s":{"a":0,"k":[100,100,100],"ix":6,"l":2}},"ao":0,"shapes":[{"ty":"gr","it":[{"ind":0,"ty":"sh","ix":1,"ks":{"a":0,"k":{"i":[[69.247,30.359],[27.247,30.359],[-27.247,30.359],[-51.883,30.359],[-52.479,30.359],[-82.838,16.767],[-69.246,-30.359],[-51.883,-30.359],[-27.247,-30.359],[27.247,-30.359],[52.48,-30.359],[82.837,-16.766]],"o":[[52.48,30.359],[27.247,30.359],[-27.247,30.359],[-51.883,30.359],[-69.246,30.359],[-82.838,-16.766],[-52.479,-30.359],[-51.883,-30.359],[-27.247,-30.359],[27.247,-30.359],[69.247,-30.359],[82.837,16.767]],"v":[[52.48,30.359],[27.247,30.359],[-27.247,30.359],[-51.883,30.359],[-52.479,30.359],[-82.838,0],[-52.479,-30.359],[-51.883,-30.359],[-27.247,-30.359],[27.247,-30.359],[52.48,-30.359],[82.837,0]],"c":true},"ix":2},"nm":"Path 1","mn":"ADBE Vector Shape - Group","hd":false,"_render":true},{"ind":1,"ty":"sh","ix":2,"ks":{"a":0,"k":{"i":[[75.564,-36.637],[55.153,-39.015],[-51.883,-39.015],[-51.914,-39.010999999999996],[-90.758,-21.485],[-73.39099999999999,38.91],[-51.899,39.015],[54.674,39.015],[55.607,38.92],[90.758,20.096]],"o":[[55.607,-38.919],[54.674,-39.015],[-51.899,-39.015],[-73.39099999999999,-38.909],[-90.758,21.485],[-51.914,39.010999999999996],[-51.883,39.015],[55.153,39.015],[75.564,36.637],[90.758,-20.096]],"v":[[56.038,-38.775],[54.674,-39.015],[-51.883,-39.015],[-51.93,-39.01],[-90.758,0],[-51.93,39.01],[-51.883,39.015],[54.674,39.015],[56.038,38.775],[90.758,0]],"c":true},"ix":2},"nm":"Path 2","mn":"ADBE Vector Shape - Group","hd":false,"_render":true},{"ty":"mm","mm":1,"nm":"Merge Paths 1","mn":"ADBE Vector Filter - Merge","hd":false,"_render":true},{"ty":"fl","c":{"a":0,"k":[0.749,0.7843,0.8196,1],"ix":4},"o":{"a":0,"k":100,"ix":5},"r":1,"bm":0,"nm":"Fill 1","mn":"ADBE Vector Graphic - Fill","hd":false,"_render":true},{"ty":"tr","p":{"a":0,"k":[91.008,39.265],"ix":2},"a":{"a":0,"k":[0,0],"ix":1},"s":{"a":0,"k":[100,100],"ix":3},"r":{"a":0,"k":0,"ix":6},"o":{"a":0,"k":100,"ix":7},"sk":{"a":0,"k":0,"ix":4},"sa":{"a":0,"k":0,"ix":5},"nm":"Transform","_render":true}],"nm":"Group 1","np":4,"cix":2,"bm":0,"ix":1,"mn":"ADBE Vector Group","hd":false,"_render":true}],"ip":0,"op":300.00001221925,"st":0,"bm":0,"completed":true}]}],"layers":[{"ddd":0,"ind":1,"ty":0,"nm":"w","refId":"comp_0","sr":1,"ks":{"o":{"a":0,"k":100,"ix":11},"r":{"a":0,"k":180,"ix":10},"p":{"a":0,"k":[150,150,0],"ix":2,"l":2},"a":{"a":0,"k":[150,150,0],"ix":1,"l":2},"s":{"a":0,"k":[100,100,100],"ix":6,"l":2}},"ao":0,"w":300,"h":300,"ip":0,"op":300.00001221925,"st":0,"bm":0,"completed":true,"layers":[{"ddd":0,"ind":1,"ty":0,"nm":"w_2/arrow_finish_3.ai Comp 2","cl":"ai","refId":"comp_1","sr":1,"ks":{"o":{"a":0,"k":100,"ix":11},"r":{"a":1,"k":[{"i":{"x":[0],"y":[1.006]},"o":{"x":[0.333],"y":[0]},"t":0,"s":[0]},{"t":16.0000006516934,"s":[-180]}],"ix":10},"p":{"a":1,"k":[{"i":{"x":0.667,"y":1},"o":{"x":1,"y":0},"t":0,"s":[107.5,149.5,0],"to":[0,0.167,0],"ti":[-13.333,-0.167,0]},{"i":{"x":0,"y":0.988},"o":{"x":1,"y":0},"t":16,"s":[107.5,150.5,0],"to":[13.333,0.167,0],"ti":[-13.333,0,0]},{"t":30.0000012219251,"s":[187.5,150.5,0]}],"ix":2,"l":2},"a":{"a":0,"k":[21.5,76.75,0],"ix":1,"l":2},"s":{"a":0,"k":[100,100,100],"ix":6,"l":2}},"ao":0,"w":42,"h":75,"ip":0,"op":300.00001221925,"st":0,"bm":0,"completed":true,"layers":[{"ddd":0,"ind":1,"ty":4,"nm":"w_2/arrow_finish_3 Outlines 2","sr":1,"ks":{"o":{"a":0,"k":100,"ix":11},"r":{"a":0,"k":0,"ix":10},"p":{"a":0,"k":[21,37.5,0],"ix":2,"l":2},"a":{"a":0,"k":[21,37.5,0],"ix":1,"l":2},"s":{"a":0,"k":[100,100,100],"ix":6,"l":2}},"ao":0,"shapes":[{"ty":"gr","it":[{"ind":0,"ty":"sh","ix":1,"ks":{"a":0,"k":{"i":[[-16.986,-20.771],[-13.649999999999999,-20.337],[18.986,12.983],[20.627,17.433],[14.477,20.747],[-18.986,-13.417],[-20.627,-17.863]],"o":[[-14.771,-20.771],[-12.799,-19.469],[20.654,14.691],[17.217,20.772],[12.798,19.042],[-20.654,-15.124],[-18.080000000000002,-20.358999999999998]],"v":[[-15.893,-20.771],[-12.799,-19.469],[18.986,12.983],[18.919,19.104],[12.798,19.042],[-18.986,-13.417],[-18.919,-19.537]],"c":true},"ix":2},"nm":"Path 1","mn":"ADBE Vector Shape - Group","hd":false,"_render":true},{"ty":"fl","c":{"a":0,"k":[0.18,0.4587,0.62,1],"ix":4},"o":{"a":0,"k":100,"ix":5},"r":1,"bm":0,"nm":"Fill 1","mn":"ADBE Vector Graphic - Fill","hd":false,"_render":true},{"ty":"tr","p":{"a":0,"k":[20.905,53.24],"ix":2},"a":{"a":0,"k":[0,0],"ix":1},"s":{"a":0,"k":[100,100],"ix":3},"r":{"a":0,"k":0,"ix":6},"o":{"a":0,"k":100,"ix":7},"sk":{"a":0,"k":0,"ix":4},"sa":{"a":0,"k":0,"ix":5},"nm":"Transform","_render":true}],"nm":"Group 1","np":2,"cix":2,"bm":0,"ix":1,"mn":"ADBE Vector Group","hd":false,"_render":true},{"ty":"gr","it":[{"ind":0,"ty":"sh","ix":1,"ks":{"a":0,"k":{"i":[[14.777000000000001,-20.649],[18.09,-20.232],[20.654,-14.985],[-12.809,18.935],[-17.238999999999997,20.649],[-20.655,14.562],[12.81,-19.358]],"o":[[16.992,-20.649],[20.631999999999998,-17.724],[18.975,-13.283],[-14.5,20.648999999999997],[-20.631,17.301000000000002],[-18.975,12.86],[13.662,-20.221]],"v":[[15.893,-20.649],[18.93,-19.403],[18.975,-13.283],[-12.809,18.935],[-18.929,18.981],[-18.975,12.86],[12.81,-19.358]],"c":true},"ix":2},"nm":"Path 1","mn":"ADBE Vector Shape - Group","hd":false,"_render":true},{"ty":"fl","c":{"a":0,"k":[0.18,0.4587,0.62,1],"ix":4},"o":{"a":0,"k":100,"ix":5},"r":1,"bm":0,"nm":"Fill 1","mn":"ADBE Vector Graphic - Fill","hd":false,"_render":true},{"ty":"tr","p":{"a":0,"k":[20.904,20.899],"ix":2},"a":{"a":0,"k":[0,0],"ix":1},"s":{"a":0,"k":[100,100],"ix":3},"r":{"a":0,"k":0,"ix":6},"o":{"a":0,"k":100,"ix":7},"sk":{"a":0,"k":0,"ix":4},"sa":{"a":0,"k":0,"ix":5},"nm":"Transform","_render":true}],"nm":"Group 2","np":2,"cix":2,"bm":0,"ix":2,"mn":"ADBE Vector Group","hd":false,"_render":true}],"ip":0,"op":300.00001221925,"st":0,"bm":0,"completed":true}]},{"ddd":0,"ind":2,"ty":0,"nm":"w_2/arrow_finish_3.ai Comp 2","cl":"ai","td":1,"refId":"comp_1","sr":1,"ks":{"o":{"a":0,"k":100,"ix":11},"r":{"a":1,"k":[{"i":{"x":[0],"y":[1.006]},"o":{"x":[0.333],"y":[0]},"t":0,"s":[0]},{"t":16.0000006516934,"s":[-180]}],"ix":10},"p":{"a":1,"k":[{"i":{"x":0.667,"y":1},"o":{"x":1,"y":0},"t":0,"s":[107.5,149.5,0],"to":[0,0.167,0],"ti":[-13.333,-0.167,0]},{"i":{"x":0,"y":0.988},"o":{"x":1,"y":0},"t":16,"s":[107.5,150.5,0],"to":[13.333,0.167,0],"ti":[-13.333,0,0]},{"t":30.0000012219251,"s":[187.5,150.5,0]}],"ix":2,"l":2},"a":{"a":0,"k":[21.5,76.75,0],"ix":1,"l":2},"s":{"a":0,"k":[100,100,100],"ix":6,"l":2}},"ao":0,"w":42,"h":75,"ip":0,"op":300.00001221925,"st":0,"bm":0,"completed":true,"layers":[{"ddd":0,"ind":1,"ty":4,"nm":"w_2/arrow_finish_3 Outlines 2","sr":1,"ks":{"o":{"a":0,"k":100,"ix":11},"r":{"a":0,"k":0,"ix":10},"p":{"a":0,"k":[21,37.5,0],"ix":2,"l":2},"a":{"a":0,"k":[21,37.5,0],"ix":1,"l":2},"s":{"a":0,"k":[100,100,100],"ix":6,"l":2}},"ao":0,"shapes":[{"ty":"gr","it":[{"ind":0,"ty":"sh","ix":1,"ks":{"a":0,"k":{"i":[[-16.986,-20.771],[-13.649999999999999,-20.337],[18.986,12.983],[20.627,17.433],[14.477,20.747],[-18.986,-13.417],[-20.627,-17.863]],"o":[[-14.771,-20.771],[-12.799,-19.469],[20.654,14.691],[17.217,20.772],[12.798,19.042],[-20.654,-15.124],[-18.080000000000002,-20.358999999999998]],"v":[[-15.893,-20.771],[-12.799,-19.469],[18.986,12.983],[18.919,19.104],[12.798,19.042],[-18.986,-13.417],[-18.919,-19.537]],"c":true},"ix":2},"nm":"Path 1","mn":"ADBE Vector Shape - Group","hd":false,"_render":true},{"ty":"fl","c":{"a":0,"k":[0.18,0.4587,0.62,1],"ix":4},"o":{"a":0,"k":100,"ix":5},"r":1,"bm":0,"nm":"Fill 1","mn":"ADBE Vector Graphic - Fill","hd":false,"_render":true},{"ty":"tr","p":{"a":0,"k":[20.905,53.24],"ix":2},"a":{"a":0,"k":[0,0],"ix":1},"s":{"a":0,"k":[100,100],"ix":3},"r":{"a":0,"k":0,"ix":6},"o":{"a":0,"k":100,"ix":7},"sk":{"a":0,"k":0,"ix":4},"sa":{"a":0,"k":0,"ix":5},"nm":"Transform","_render":true}],"nm":"Group 1","np":2,"cix":2,"bm":0,"ix":1,"mn":"ADBE Vector Group","hd":false,"_render":true},{"ty":"gr","it":[{"ind":0,"ty":"sh","ix":1,"ks":{"a":0,"k":{"i":[[14.777000000000001,-20.649],[18.09,-20.232],[20.654,-14.985],[-12.809,18.935],[-17.238999999999997,20.649],[-20.655,14.562],[12.81,-19.358]],"o":[[16.992,-20.649],[20.631999999999998,-17.724],[18.975,-13.283],[-14.5,20.648999999999997],[-20.631,17.301000000000002],[-18.975,12.86],[13.662,-20.221]],"v":[[15.893,-20.649],[18.93,-19.403],[18.975,-13.283],[-12.809,18.935],[-18.929,18.981],[-18.975,12.86],[12.81,-19.358]],"c":true},"ix":2},"nm":"Path 1","mn":"ADBE Vector Shape - Group","hd":false,"_render":true},{"ty":"fl","c":{"a":0,"k":[0.18,0.4587,0.62,1],"ix":4},"o":{"a":0,"k":100,"ix":5},"r":1,"bm":0,"nm":"Fill 1","mn":"ADBE Vector Graphic - Fill","hd":false,"_render":true},{"ty":"tr","p":{"a":0,"k":[20.904,20.899],"ix":2},"a":{"a":0,"k":[0,0],"ix":1},"s":{"a":0,"k":[100,100],"ix":3},"r":{"a":0,"k":0,"ix":6},"o":{"a":0,"k":100,"ix":7},"sk":{"a":0,"k":0,"ix":4},"sa":{"a":0,"k":0,"ix":5},"nm":"Transform","_render":true}],"nm":"Group 2","np":2,"cix":2,"bm":0,"ix":2,"mn":"ADBE Vector Group","hd":false,"_render":true}],"ip":0,"op":300.00001221925,"st":0,"bm":0,"completed":true}]},{"ddd":0,"ind":3,"ty":4,"nm":"Shape Layer 1","parent":2,"tt":1,"sr":1,"ks":{"o":{"a":0,"k":100,"ix":11},"r":{"a":0,"k":0,"ix":10},"p":{"a":1,"k":[{"i":{"x":0.833,"y":0.833},"o":{"x":0.167,"y":0.167},"t":0,"s":[56.75,76.25,0],"to":[-0.167,0,0],"ti":[0.5,7.667,0]},{"i":{"x":0.833,"y":0.833},"o":{"x":0.167,"y":0.167},"t":17,"s":[55.75,76.25,0],"to":[-0.5,-7.667,0],"ti":[0.333,8.333,0]},{"i":{"x":0.833,"y":0.833},"o":{"x":0.167,"y":0.167},"t":22,"s":[53.75,30.25,0],"to":[-0.333,-8.333,0],"ti":[0,0.667,0]},{"t":23.0000009368092,"s":[53.75,26.25,0]}],"ix":2,"l":2},"a":{"a":0,"k":[0,0,0],"ix":1,"l":2},"s":{"a":1,"k":[{"i":{"x":[0.833,0.833,0.833],"y":[0.833,0.833,0.833]},"o":{"x":[0.167,0.167,0.167],"y":[0.167,0.167,0.167]},"t":0,"s":[100,100,100]},{"i":{"x":[0.833,0.833,0.833],"y":[0.833,0.833,0.833]},"o":{"x":[0.167,0.167,0.167],"y":[0.167,0.167,0.167]},"t":18,"s":[95.846,69.846,100]},{"i":{"x":[0.833,0.833,0.833],"y":[0.833,0.833,0.833]},"o":{"x":[0.167,0.167,0.167],"y":[0.167,0.167,0.167]},"t":22,"s":[95.385,80.767,100]},{"t":26.0000010590017,"s":[94,94,100]}],"ix":6,"l":2}},"ao":0,"shapes":[{"ty":"gr","it":[{"ty":"rc","d":1,"s":{"a":0,"k":[113.75,11.5],"ix":2},"p":{"a":0,"k":[0,0],"ix":3},"r":{"a":0,"k":0,"ix":4},"nm":"Rectangle Path 1","mn":"ADBE Vector Shape - Rect","hd":false,"_render":true},{"ty":"st","c":{"a":0,"k":[0.749,0.7843,0.8196,1],"ix":3},"o":{"a":0,"k":100,"ix":4},"w":{"a":0,"k":2,"ix":5},"lc":1,"lj":1,"ml":4,"bm":0,"nm":"Stroke 1","mn":"ADBE Vector Graphic - Stroke","hd":true,"_render":true},{"ty":"fl","c":{"a":0,"k":[0.18,0.4587,0.62,1],"ix":4},"o":{"a":0,"k":100,"ix":5},"r":1,"bm":0,"nm":"Fill 1","mn":"ADBE Vector Graphic - Fill","hd":false,"_render":true},{"ty":"tr","p":{"a":0,"k":[6.875,-40],"ix":2},"a":{"a":0,"k":[0,0],"ix":1},"s":{"a":0,"k":[92.827,1051.886],"ix":3},"r":{"a":0,"k":0,"ix":6},"o":{"a":0,"k":100,"ix":7},"sk":{"a":0,"k":0,"ix":4},"sa":{"a":0,"k":0,"ix":5},"nm":"Transform","_render":true}],"nm":"Rectangle 1","np":3,"cix":2,"bm":0,"ix":1,"mn":"ADBE Vector Group","hd":false,"_render":true}],"ip":0,"op":300.00001221925,"st":0,"bm":0,"completed":true},{"ddd":0,"ind":4,"ty":0,"nm":"Layer 11/arrow_finish_3.ai Comp 2","cl":"ai","tt":1,"refId":"comp_2","sr":1,"ks":{"o":{"a":0,"k":100,"ix":11},"r":{"a":0,"k":0,"ix":10},"p":{"a":0,"k":[150,150,0],"ix":2,"l":2},"a":{"a":0,"k":[91.5,39.5,0],"ix":1,"l":2},"s":{"a":0,"k":[100,115.19,100],"ix":6,"l":2}},"ao":0,"w":183,"h":79,"ip":0,"op":300.00001221925,"st":0,"bm":0,"completed":true,"layers":[{"ddd":0,"ind":1,"ty":4,"nm":"Layer 11/arrow_finish_3 Outlines","sr":1,"ks":{"o":{"a":0,"k":100,"ix":11},"r":{"a":0,"k":0,"ix":10},"p":{"a":0,"k":[91.5,39.5,0],"ix":2,"l":2},"a":{"a":0,"k":[91.5,39.5,0],"ix":1,"l":2},"s":{"a":0,"k":[100,100,100],"ix":6,"l":2}},"ao":0,"shapes":[{"ty":"gr","it":[{"ind":0,"ty":"sh","ix":1,"ks":{"a":0,"k":{"i":[[69.247,30.359],[27.247,30.359],[-27.247,30.359],[-51.883,30.359],[-52.479,30.359],[-82.838,16.767],[-69.246,-30.359],[-51.883,-30.359],[-27.247,-30.359],[27.247,-30.359],[52.48,-30.359],[82.837,-16.766]],"o":[[52.48,30.359],[27.247,30.359],[-27.247,30.359],[-51.883,30.359],[-69.246,30.359],[-82.838,-16.766],[-52.479,-30.359],[-51.883,-30.359],[-27.247,-30.359],[27.247,-30.359],[69.247,-30.359],[82.837,16.767]],"v":[[52.48,30.359],[27.247,30.359],[-27.247,30.359],[-51.883,30.359],[-52.479,30.359],[-82.838,0],[-52.479,-30.359],[-51.883,-30.359],[-27.247,-30.359],[27.247,-30.359],[52.48,-30.359],[82.837,0]],"c":true},"ix":2},"nm":"Path 1","mn":"ADBE Vector Shape - Group","hd":false,"_render":true},{"ind":1,"ty":"sh","ix":2,"ks":{"a":0,"k":{"i":[[75.564,-36.637],[55.153,-39.015],[-51.883,-39.015],[-51.914,-39.010999999999996],[-90.758,-21.485],[-73.39099999999999,38.91],[-51.899,39.015],[54.674,39.015],[55.607,38.92],[90.758,20.096]],"o":[[55.607,-38.919],[54.674,-39.015],[-51.899,-39.015],[-73.39099999999999,-38.909],[-90.758,21.485],[-51.914,39.010999999999996],[-51.883,39.015],[55.153,39.015],[75.564,36.637],[90.758,-20.096]],"v":[[56.038,-38.775],[54.674,-39.015],[-51.883,-39.015],[-51.93,-39.01],[-90.758,0],[-51.93,39.01],[-51.883,39.015],[54.674,39.015],[56.038,38.775],[90.758,0]],"c":true},"ix":2},"nm":"Path 2","mn":"ADBE Vector Shape - Group","hd":false,"_render":true},{"ty":"mm","mm":1,"nm":"Merge Paths 1","mn":"ADBE Vector Filter - Merge","hd":false,"_render":true},{"ty":"fl","c":{"a":0,"k":[0.18,0.4587,0.62,1],"ix":4},"o":{"a":0,"k":100,"ix":5},"r":1,"bm":0,"nm":"Fill 1","mn":"ADBE Vector Graphic - Fill","hd":false,"_render":true},{"ty":"tr","p":{"a":0,"k":[91.008,39.265],"ix":2},"a":{"a":0,"k":[0,0],"ix":1},"s":{"a":0,"k":[100,100],"ix":3},"r":{"a":0,"k":0,"ix":6},"o":{"a":0,"k":100,"ix":7},"sk":{"a":0,"k":0,"ix":4},"sa":{"a":0,"k":0,"ix":5},"nm":"Transform","_render":true}],"nm":"Group 1","np":4,"cix":2,"bm":0,"ix":1,"mn":"ADBE Vector Group","hd":false,"_render":true}],"ip":0,"op":300.00001221925,"st":0,"bm":0,"completed":true}]}]},{"ddd":0,"ind":2,"ty":0,"nm":"g","refId":"comp_3","sr":1,"ks":{"o":{"a":0,"k":100,"ix":11},"r":{"a":0,"k":0,"ix":10},"p":{"a":0,"k":[150,150,0],"ix":2,"l":2},"a":{"a":0,"k":[150,150,0],"ix":1,"l":2},"s":{"a":0,"k":[100,100,100],"ix":6,"l":2}},"ao":0,"w":300,"h":300,"ip":0,"op":300.00001221925,"st":0,"bm":0,"completed":true,"layers":[{"ddd":0,"ind":1,"ty":0,"nm":"w_2/arrow_finish_3.ai Comp 1","cl":"ai","refId":"comp_4","sr":1,"ks":{"o":{"a":0,"k":100,"ix":11},"r":{"a":1,"k":[{"i":{"x":[0],"y":[1.006]},"o":{"x":[0.333],"y":[0]},"t":0,"s":[0]},{"t":16.0000006516934,"s":[-180]}],"ix":10},"p":{"a":1,"k":[{"i":{"x":0,"y":0.988},"o":{"x":1,"y":0},"t":16,"s":[107.5,150.5,0],"to":null,"ti":null},{"t":30.0000012219251,"s":[187.5,150.5,0]}],"ix":2,"l":2},"a":{"a":0,"k":[21.5,76.5,0],"ix":1,"l":2},"s":{"a":0,"k":[100,100,100],"ix":6,"l":2}},"ao":0,"w":42,"h":75,"ip":0,"op":300.00001221925,"st":0,"bm":0,"completed":true,"layers":[{"ddd":0,"ind":1,"ty":4,"nm":"w_2/arrow_finish_3 Outlines 2","sr":1,"ks":{"o":{"a":0,"k":100,"ix":11},"r":{"a":0,"k":0,"ix":10},"p":{"a":0,"k":[21,37.5,0],"ix":2,"l":2},"a":{"a":0,"k":[21,37.5,0],"ix":1,"l":2},"s":{"a":0,"k":[100,100,100],"ix":6,"l":2}},"ao":0,"shapes":[{"ty":"gr","it":[{"ind":0,"ty":"sh","ix":1,"ks":{"a":0,"k":{"i":[[-16.986,-20.771],[-13.649999999999999,-20.337],[18.986,12.983],[20.627,17.433],[14.477,20.747],[-18.986,-13.417],[-20.627,-17.863]],"o":[[-14.771,-20.771],[-12.799,-19.469],[20.654,14.691],[17.217,20.772],[12.798,19.042],[-20.654,-15.124],[-18.080000000000002,-20.358999999999998]],"v":[[-15.893,-20.771],[-12.799,-19.469],[18.986,12.983],[18.919,19.104],[12.798,19.042],[-18.986,-13.417],[-18.919,-19.537]],"c":true},"ix":2},"nm":"Path 1","mn":"ADBE Vector Shape - Group","hd":false,"_render":true},{"ty":"fl","c":{"a":0,"k":[0.749,0.7843,0.8196,1],"ix":4},"o":{"a":0,"k":100,"ix":5},"r":1,"bm":0,"nm":"Fill 1","mn":"ADBE Vector Graphic - Fill","hd":false,"_render":true},{"ty":"tr","p":{"a":0,"k":[20.905,53.24],"ix":2},"a":{"a":0,"k":[0,0],"ix":1},"s":{"a":0,"k":[100,100],"ix":3},"r":{"a":0,"k":0,"ix":6},"o":{"a":0,"k":100,"ix":7},"sk":{"a":0,"k":0,"ix":4},"sa":{"a":0,"k":0,"ix":5},"nm":"Transform","_render":true}],"nm":"Group 1","np":2,"cix":2,"bm":0,"ix":1,"mn":"ADBE Vector Group","hd":false,"_render":true},{"ty":"gr","it":[{"ind":0,"ty":"sh","ix":1,"ks":{"a":0,"k":{"i":[[14.777000000000001,-20.649],[18.09,-20.232],[20.654,-14.985],[-12.809,18.935],[-17.238999999999997,20.649],[-20.655,14.562],[12.81,-19.358]],"o":[[16.992,-20.649],[20.631999999999998,-17.724],[18.975,-13.283],[-14.5,20.648999999999997],[-20.631,17.301000000000002],[-18.975,12.86],[13.662,-20.221]],"v":[[15.893,-20.649],[18.93,-19.403],[18.975,-13.283],[-12.809,18.935],[-18.929,18.981],[-18.975,12.86],[12.81,-19.358]],"c":true},"ix":2},"nm":"Path 1","mn":"ADBE Vector Shape - Group","hd":false,"_render":true},{"ty":"fl","c":{"a":0,"k":[0.749,0.7843,0.8196,1],"ix":4},"o":{"a":0,"k":100,"ix":5},"r":1,"bm":0,"nm":"Fill 1","mn":"ADBE Vector Graphic - Fill","hd":false,"_render":true},{"ty":"tr","p":{"a":0,"k":[20.904,20.899],"ix":2},"a":{"a":0,"k":[0,0],"ix":1},"s":{"a":0,"k":[100,100],"ix":3},"r":{"a":0,"k":0,"ix":6},"o":{"a":0,"k":100,"ix":7},"sk":{"a":0,"k":0,"ix":4},"sa":{"a":0,"k":0,"ix":5},"nm":"Transform","_render":true}],"nm":"Group 2","np":2,"cix":2,"bm":0,"ix":2,"mn":"ADBE Vector Group","hd":false,"_render":true}],"ip":0,"op":300.00001221925,"st":0,"bm":0,"completed":true}]},{"ddd":0,"ind":2,"ty":0,"nm":"w_2/arrow_finish_3.ai Comp 1","cl":"ai","td":1,"refId":"comp_4","sr":1,"ks":{"o":{"a":0,"k":100,"ix":11},"r":{"a":1,"k":[{"i":{"x":[0],"y":[1.006]},"o":{"x":[0.333],"y":[0]},"t":0,"s":[0]},{"t":16.0000006516934,"s":[-180]}],"ix":10},"p":{"a":1,"k":[{"i":{"x":0,"y":0.988},"o":{"x":1,"y":0},"t":16,"s":[107.5,150.5,0],"to":null,"ti":null},{"t":30.0000012219251,"s":[187.5,150.5,0]}],"ix":2,"l":2},"a":{"a":0,"k":[21.5,76.5,0],"ix":1,"l":2},"s":{"a":0,"k":[100,100,100],"ix":6,"l":2}},"ao":0,"w":42,"h":75,"ip":0,"op":300.00001221925,"st":0,"bm":0,"completed":true,"layers":[{"ddd":0,"ind":1,"ty":4,"nm":"w_2/arrow_finish_3 Outlines 2","sr":1,"ks":{"o":{"a":0,"k":100,"ix":11},"r":{"a":0,"k":0,"ix":10},"p":{"a":0,"k":[21,37.5,0],"ix":2,"l":2},"a":{"a":0,"k":[21,37.5,0],"ix":1,"l":2},"s":{"a":0,"k":[100,100,100],"ix":6,"l":2}},"ao":0,"shapes":[{"ty":"gr","it":[{"ind":0,"ty":"sh","ix":1,"ks":{"a":0,"k":{"i":[[-16.986,-20.771],[-13.649999999999999,-20.337],[18.986,12.983],[20.627,17.433],[14.477,20.747],[-18.986,-13.417],[-20.627,-17.863]],"o":[[-14.771,-20.771],[-12.799,-19.469],[20.654,14.691],[17.217,20.772],[12.798,19.042],[-20.654,-15.124],[-18.080000000000002,-20.358999999999998]],"v":[[-15.893,-20.771],[-12.799,-19.469],[18.986,12.983],[18.919,19.104],[12.798,19.042],[-18.986,-13.417],[-18.919,-19.537]],"c":true},"ix":2},"nm":"Path 1","mn":"ADBE Vector Shape - Group","hd":false,"_render":true},{"ty":"fl","c":{"a":0,"k":[0.749,0.7843,0.8196,1],"ix":4},"o":{"a":0,"k":100,"ix":5},"r":1,"bm":0,"nm":"Fill 1","mn":"ADBE Vector Graphic - Fill","hd":false,"_render":true},{"ty":"tr","p":{"a":0,"k":[20.905,53.24],"ix":2},"a":{"a":0,"k":[0,0],"ix":1},"s":{"a":0,"k":[100,100],"ix":3},"r":{"a":0,"k":0,"ix":6},"o":{"a":0,"k":100,"ix":7},"sk":{"a":0,"k":0,"ix":4},"sa":{"a":0,"k":0,"ix":5},"nm":"Transform","_render":true}],"nm":"Group 1","np":2,"cix":2,"bm":0,"ix":1,"mn":"ADBE Vector Group","hd":false,"_render":true},{"ty":"gr","it":[{"ind":0,"ty":"sh","ix":1,"ks":{"a":0,"k":{"i":[[14.777000000000001,-20.649],[18.09,-20.232],[20.654,-14.985],[-12.809,18.935],[-17.238999999999997,20.649],[-20.655,14.562],[12.81,-19.358]],"o":[[16.992,-20.649],[20.631999999999998,-17.724],[18.975,-13.283],[-14.5,20.648999999999997],[-20.631,17.301000000000002],[-18.975,12.86],[13.662,-20.221]],"v":[[15.893,-20.649],[18.93,-19.403],[18.975,-13.283],[-12.809,18.935],[-18.929,18.981],[-18.975,12.86],[12.81,-19.358]],"c":true},"ix":2},"nm":"Path 1","mn":"ADBE Vector Shape - Group","hd":false,"_render":true},{"ty":"fl","c":{"a":0,"k":[0.749,0.7843,0.8196,1],"ix":4},"o":{"a":0,"k":100,"ix":5},"r":1,"bm":0,"nm":"Fill 1","mn":"ADBE Vector Graphic - Fill","hd":false,"_render":true},{"ty":"tr","p":{"a":0,"k":[20.904,20.899],"ix":2},"a":{"a":0,"k":[0,0],"ix":1},"s":{"a":0,"k":[100,100],"ix":3},"r":{"a":0,"k":0,"ix":6},"o":{"a":0,"k":100,"ix":7},"sk":{"a":0,"k":0,"ix":4},"sa":{"a":0,"k":0,"ix":5},"nm":"Transform","_render":true}],"nm":"Group 2","np":2,"cix":2,"bm":0,"ix":2,"mn":"ADBE Vector Group","hd":false,"_render":true}],"ip":0,"op":300.00001221925,"st":0,"bm":0,"completed":true}]},{"ddd":0,"ind":3,"ty":4,"nm":"Shape Layer 1","parent":2,"tt":1,"sr":1,"ks":{"o":{"a":0,"k":100,"ix":11},"r":{"a":0,"k":0,"ix":10},"p":{"a":1,"k":[{"i":{"x":0.833,"y":0.833},"o":{"x":0.167,"y":0.167},"t":0,"s":[56.75,76,0],"to":[-0.167,0,0],"ti":[0.5,7.667,0]},{"i":{"x":0.833,"y":0.833},"o":{"x":0.167,"y":0.167},"t":17,"s":[55.75,76,0],"to":[-0.5,-7.667,0],"ti":[0.333,8.333,0]},{"i":{"x":0.833,"y":0.833},"o":{"x":0.167,"y":0.167},"t":22,"s":[53.75,30,0],"to":[-0.333,-8.333,0],"ti":[0,0.667,0]},{"t":23.0000009368092,"s":[53.75,26,0]}],"ix":2,"l":2},"a":{"a":0,"k":[0,0,0],"ix":1,"l":2},"s":{"a":1,"k":[{"i":{"x":[0.833,0.833,0.833],"y":[0.833,0.833,0.833]},"o":{"x":[0.167,0.167,0.167],"y":[0.167,0.167,0.167]},"t":0,"s":[100,100,100]},{"i":{"x":[0.833,0.833,0.833],"y":[0.833,0.833,0.833]},"o":{"x":[0.167,0.167,0.167],"y":[0.167,0.167,0.167]},"t":18,"s":[95.846,69.846,100]},{"i":{"x":[0.833,0.833,0.833],"y":[0.833,0.833,0.833]},"o":{"x":[0.167,0.167,0.167],"y":[0.167,0.167,0.167]},"t":22,"s":[95.385,80.767,100]},{"t":26.0000010590017,"s":[94,94,100]}],"ix":6,"l":2}},"ao":0,"shapes":[{"ty":"gr","it":[{"ty":"rc","d":1,"s":{"a":0,"k":[113.75,11.5],"ix":2},"p":{"a":0,"k":[0,0],"ix":3},"r":{"a":0,"k":0,"ix":4},"nm":"Rectangle Path 1","mn":"ADBE Vector Shape - Rect","hd":false,"_render":true},{"ty":"st","c":{"a":0,"k":[0.749,0.7843,0.8196,1],"ix":3},"o":{"a":0,"k":100,"ix":4},"w":{"a":0,"k":2,"ix":5},"lc":1,"lj":1,"ml":4,"bm":0,"nm":"Stroke 1","mn":"ADBE Vector Graphic - Stroke","hd":true,"_render":true},{"ty":"fl","c":{"a":0,"k":[0.749,0.7843,0.8196,1],"ix":4},"o":{"a":0,"k":100,"ix":5},"r":1,"bm":0,"nm":"Fill 1","mn":"ADBE Vector Graphic - Fill","hd":false,"_render":true},{"ty":"tr","p":{"a":0,"k":[6.875,-40],"ix":2},"a":{"a":0,"k":[0,0],"ix":1},"s":{"a":0,"k":[92.827,1051.886],"ix":3},"r":{"a":0,"k":0,"ix":6},"o":{"a":0,"k":100,"ix":7},"sk":{"a":0,"k":0,"ix":4},"sa":{"a":0,"k":0,"ix":5},"nm":"Transform","_render":true}],"nm":"Rectangle 1","np":3,"cix":2,"bm":0,"ix":1,"mn":"ADBE Vector Group","hd":false,"_render":true}],"ip":0,"op":300.00001221925,"st":0,"bm":0,"completed":true},{"ddd":0,"ind":4,"ty":0,"nm":"Layer 11/arrow_finish_3.ai Comp 1","cl":"ai","tt":1,"refId":"comp_5","sr":1,"ks":{"o":{"a":0,"k":100,"ix":11},"r":{"a":0,"k":0,"ix":10},"p":{"a":0,"k":[150,150,0],"ix":2,"l":2},"a":{"a":0,"k":[91.5,39.5,0],"ix":1,"l":2},"s":{"a":0,"k":[100,115.19,100],"ix":6,"l":2}},"ao":0,"w":183,"h":79,"ip":0,"op":300.00001221925,"st":0,"bm":0,"completed":true,"layers":[{"ddd":0,"ind":1,"ty":4,"nm":"Layer 11/arrow_finish_3 Outlines","sr":1,"ks":{"o":{"a":0,"k":100,"ix":11},"r":{"a":0,"k":0,"ix":10},"p":{"a":0,"k":[91.5,39.5,0],"ix":2,"l":2},"a":{"a":0,"k":[91.5,39.5,0],"ix":1,"l":2},"s":{"a":0,"k":[100,100,100],"ix":6,"l":2}},"ao":0,"shapes":[{"ty":"gr","it":[{"ind":0,"ty":"sh","ix":1,"ks":{"a":0,"k":{"i":[[69.247,30.359],[27.247,30.359],[-27.247,30.359],[-51.883,30.359],[-52.479,30.359],[-82.838,16.767],[-69.246,-30.359],[-51.883,-30.359],[-27.247,-30.359],[27.247,-30.359],[52.48,-30.359],[82.837,-16.766]],"o":[[52.48,30.359],[27.247,30.359],[-27.247,30.359],[-51.883,30.359],[-69.246,30.359],[-82.838,-16.766],[-52.479,-30.359],[-51.883,-30.359],[-27.247,-30.359],[27.247,-30.359],[69.247,-30.359],[82.837,16.767]],"v":[[52.48,30.359],[27.247,30.359],[-27.247,30.359],[-51.883,30.359],[-52.479,30.359],[-82.838,0],[-52.479,-30.359],[-51.883,-30.359],[-27.247,-30.359],[27.247,-30.359],[52.48,-30.359],[82.837,0]],"c":true},"ix":2},"nm":"Path 1","mn":"ADBE Vector Shape - Group","hd":false,"_render":true},{"ind":1,"ty":"sh","ix":2,"ks":{"a":0,"k":{"i":[[75.564,-36.637],[55.153,-39.015],[-51.883,-39.015],[-51.914,-39.010999999999996],[-90.758,-21.485],[-73.39099999999999,38.91],[-51.899,39.015],[54.674,39.015],[55.607,38.92],[90.758,20.096]],"o":[[55.607,-38.919],[54.674,-39.015],[-51.899,-39.015],[-73.39099999999999,-38.909],[-90.758,21.485],[-51.914,39.010999999999996],[-51.883,39.015],[55.153,39.015],[75.564,36.637],[90.758,-20.096]],"v":[[56.038,-38.775],[54.674,-39.015],[-51.883,-39.015],[-51.93,-39.01],[-90.758,0],[-51.93,39.01],[-51.883,39.015],[54.674,39.015],[56.038,38.775],[90.758,0]],"c":true},"ix":2},"nm":"Path 2","mn":"ADBE Vector Shape - Group","hd":false,"_render":true},{"ty":"mm","mm":1,"nm":"Merge Paths 1","mn":"ADBE Vector Filter - Merge","hd":false,"_render":true},{"ty":"fl","c":{"a":0,"k":[0.749,0.7843,0.8196,1],"ix":4},"o":{"a":0,"k":100,"ix":5},"r":1,"bm":0,"nm":"Fill 1","mn":"ADBE Vector Graphic - Fill","hd":false,"_render":true},{"ty":"tr","p":{"a":0,"k":[91.008,39.265],"ix":2},"a":{"a":0,"k":[0,0],"ix":1},"s":{"a":0,"k":[100,100],"ix":3},"r":{"a":0,"k":0,"ix":6},"o":{"a":0,"k":100,"ix":7},"sk":{"a":0,"k":0,"ix":4},"sa":{"a":0,"k":0,"ix":5},"nm":"Transform","_render":true}],"nm":"Group 1","np":4,"cix":2,"bm":0,"ix":1,"mn":"ADBE Vector Group","hd":false,"_render":true}],"ip":0,"op":300.00001221925,"st":0,"bm":0,"completed":true}]}]},{"ddd":0,"ind":3,"ty":4,"nm":"bac/arrow_finish_22 Outlines","sr":1,"ks":{"o":{"a":0,"k":100,"ix":11},"r":{"a":0,"k":0,"ix":10},"p":{"a":0,"k":[150,150,0],"ix":2,"l":2},"a":{"a":0,"k":[142,142,0],"ix":1,"l":2},"s":{"a":0,"k":[100,100,100],"ix":6,"l":2}},"ao":0,"shapes":[{"ty":"gr","it":[{"ind":0,"ty":"sh","ix":1,"ks":{"a":0,"k":{"i":[[-78.085,-141.386],[141.386,-78.085],[78.085,141.386],[-141.386,78.086]],"o":[[78.085,-141.386],[141.386,78.086],[-78.085,141.386],[-141.386,-78.085]],"v":[[0,-141.386],[141.386,0],[0,141.386],[-141.386,0]],"c":true},"ix":2},"nm":"Path 1","mn":"ADBE Vector Shape - Group","hd":false,"_render":true},{"ty":"fl","c":{"a":0,"k":[0,0.5725,0.8941,1],"ix":4},"o":{"a":0,"k":100,"ix":5},"r":1,"bm":0,"nm":"Fill 1","mn":"ADBE Vector Graphic - Fill","hd":false,"_render":true},{"ty":"tr","p":{"a":0,"k":[141.636,141.636],"ix":2},"a":{"a":0,"k":[0,0],"ix":1},"s":{"a":0,"k":[100,100],"ix":3},"r":{"a":0,"k":0,"ix":6},"o":{"a":0,"k":100,"ix":7},"sk":{"a":0,"k":0,"ix":4},"sa":{"a":0,"k":0,"ix":5},"nm":"Transform","_render":true}],"nm":"Group 1","np":2,"cix":2,"bm":0,"ix":1,"mn":"ADBE Vector Group","hd":false,"_render":true}],"ip":0,"op":300.00001221925,"st":0,"bm":0,"completed":true}],"markers":[],"__complete":true}